(laparoscopic) adjustment of size of adjustable gastric restrictive device;ICD9:44.98;Surgical Procedure;1
Abdominal proctopexy;ICD9:48.75;Surgical Procedure;1
Abdominoperineal resection of rectum;ICD9:48.5;Surgical Procedure;1
Abdominoperineal resection of the rectum, not otherwise specified;ICD9:48.50;Surgical Procedure;1
Allotransplantation of cells of islets of langerhans;ICD9:52.85;Surgical Procedure;1
Anal cerclage;ICD9:49.72;Surgical Procedure;1
Anal fistulectomy;ICD9:49.12;Surgical Procedure;1
Anal fistulotomy;ICD9:49.11;Surgical Procedure;1
Anastomosis of gallbladder or bile duct;ICD9:51.3;Surgical Procedure;1
Anastomosis of gallbladder to hepatic ducts;ICD9:51.31;Surgical Procedure;1
Anastomosis of gallbladder to intestine;ICD9:51.32;Surgical Procedure;1
Anastomosis of gallbladder to pancreas;ICD9:51.33;Surgical Procedure;1
Anastomosis of gallbladder to stomach;ICD9:51.34;Surgical Procedure;1
Anastomosis of hepatic duct to gastrointestinal tract;ICD9:51.37;Surgical Procedure;1
Anastomosis of pancreas;ICD9:52.96;Surgical Procedure;1
Anastomosis of small intestine to rectal stump;ICD9:45.92;Surgical Procedure;1
Anastomosis to anus;ICD9:45.95;Surgical Procedure;1
Anorectal myectomy;ICD9:48.92;Surgical Procedure;1
Anoscopy;ICD9:49.21;Surgical Procedure;1
Anterior resection of rectum with synchronous colostomy;ICD9:48.62;Surgical Procedure;1
Antesternal anastomosis of esophagus;ICD9:42.6;Surgical Procedure;1
Antesternal esophageal anastomosis with interposition of colon;ICD9:42.65;Surgical Procedure;1
Antesternal esophageal anastomosis with interposition of small bowel;ICD9:42.63;Surgical Procedure;1
Antesternal esophagoesophagostomy;ICD9:42.61;Surgical Procedure;1
Antesternal esophagogastrostomy;ICD9:42.62;Surgical Procedure;1
Appendectomy;ICD9:47.0;Surgical Procedure;1
Appendicostomy;ICD9:47.91;Surgical Procedure;1
Artificial pneumothorax for collapse of lung;ICD9:33.32;Surgical Procedure;1
Autotransplantation of cells of islets of langerhans;ICD9:52.84;Surgical Procedure;1
Auxiliary liver transplant;ICD9:50.51;Surgical Procedure;1
Bilateral inguinal hernia repair with graft or prosthesis, not otherwise specified;ICD9:53.17;Surgical Procedure;1
Bilateral lung transplantation;ICD9:33.52;Surgical Procedure;1
Bilateral repair of femoral hernia with graft or prosthesis;ICD9:53.31;Surgical Procedure;1
Bilateral repair of femoral hernia;ICD9:53.3;Surgical Procedure;1
Bilateral repair of inguinal hernia, not otherwise specified;ICD9:53.10;Surgical Procedure;1
Biopsy of abdominal wall or umbilicus;ICD9:54.22;Surgical Procedure;1
Biopsy of anus;ICD9:49.23;Surgical Procedure;1
Biopsy of chest wall;ICD9:34.23;Surgical Procedure;1
Biopsy of diaphragm;ICD9:34.27;Surgical Procedure;1
Biopsy of perianal tissue;ICD9:49.22;Surgical Procedure;1
Biopsy of perirectal tissue;ICD9:48.26;Surgical Procedure;1
Biopsy of peritoneum;ICD9:54.23;Surgical Procedure;1
Bronchial dilation;ICD9:33.91;Surgical Procedure;1
Bronchoscopic bronchial thermoplasty, ablation of airway smooth muscle;ICD9:32.27;Surgical Procedure;1
Bronchoscopy through artificial stoma;ICD9:33.21;Surgical Procedure;1
Cannulation of pancreatic duct;ICD9:52.92;Surgical Procedure;1
Cauterization of hemorrhoids;ICD9:49.43;Surgical Procedure;1
Cervical esophagostomy;ICD9:42.11;Surgical Procedure;1
Cholecystectomy;ICD9:51.22;Surgical Procedure;1
Cholecystectomy;ICD9:51.2;Surgical Procedure;1
Cholecystotomy and cholecystostomy;ICD9:51.0;Surgical Procedure;1
Choledochoenterostomy;ICD9:51.36;Surgical Procedure;1
Choledochoplasty;ICD9:51.72;Surgical Procedure;1
Closed (percutaneous) [needle] biopsy of liver;ICD9:50.11;Surgical Procedure;1
Closed [aspiration] [needle] [percutaneous] biopsy of pancreas;ICD9:52.11;Surgical Procedure;1
Closed [endoscopic] biopsy of bronchus;ICD9:33.24;Surgical Procedure;1
Closed [endoscopic] biopsy of esophagus;ICD9:42.24;Surgical Procedure;1
Closed [endoscopic] biopsy of large intestine;ICD9:45.25;Surgical Procedure;1
Closed [endoscopic] biopsy of larynx;ICD9:31.43;Surgical Procedure;1
Closed [endoscopic] biopsy of pancreatic duct;ICD9:52.14;Surgical Procedure;1
Closed [endoscopic] biopsy of rectum;ICD9:48.24;Surgical Procedure;1
Closed [endoscopic] biopsy of small intestine;ICD9:45.14;Surgical Procedure;1
Closed [endoscopic] biopsy of stomach;ICD9:44.14;Surgical Procedure;1
Closed [endoscopic] biopsy of trachea;ICD9:31.44;Surgical Procedure;1
Closed [percutaneous] [needle] biopsy of intra-abdominal mass;ICD9:54.24;Surgical Procedure;1
Closed [percutaneous] [needle] biopsy of lung;ICD9:33.26;Surgical Procedure;1
Closed [percutaneous] [needle] biopsy of mediastinum;ICD9:34.25;Surgical Procedure;1
Closed aspiration needle percutaneous biopsy of pancreas;ICD9:52.11;Surgical Procedure;1
Closed endoscopic biopsy of bronchus;ICD9:33.24;Surgical Procedure;1
Closed endoscopic biopsy of esophagus;ICD9:42.24;Surgical Procedure;1
Closed endoscopic biopsy of large intestine;ICD9:45.25;Surgical Procedure;1
Closed endoscopic biopsy of larynx;ICD9:31.43;Surgical Procedure;1
Closed endoscopic biopsy of lung;ICD9:33.27;Surgical Procedure;1
Closed endoscopic biopsy of pancreatic duct;ICD9:52.14;Surgical Procedure;1
Closed endoscopic biopsy of rectum;ICD9:48.24;Surgical Procedure;1
Closed endoscopic biopsy of small intestine;ICD9:45.14;Surgical Procedure;1
Closed endoscopic biopsy of stomach;ICD9:44.14;Surgical Procedure;1
Closed endoscopic biopsy of trachea;ICD9:31.44;Surgical Procedure;1
Closed percutaneous needle biopsy of intra-abdominal mass;ICD9:54.24;Surgical Procedure;1
Closed percutaneous needle biopsy of liver;ICD9:50.11;Surgical Procedure;1
Closed percutaneous needle biopsy of lung;ICD9:33.26;Surgical Procedure;1
Closed percutaneous needle biopsy of mediastinum;ICD9:34.25;Surgical Procedure;1
Closure of anal fistula;ICD9:49.73;Surgical Procedure;1
Closure of appendiceal fistula;ICD9:47.92;Surgical Procedure;1
Closure of bronchial fistula;ICD9:33.42;Surgical Procedure;1
Closure of cholecystostomy;ICD9:51.92;Surgical Procedure;1
Closure of esophagostomy;ICD9:42.83;Surgical Procedure;1
Closure of external fistula of trachea;ICD9:31.72;Surgical Procedure;1
Closure of fistula of diaphragm;ICD9:34.83;Surgical Procedure;1
Closure of fistula of duodenum;ICD9:46.72;Surgical Procedure;1
Closure of fistula of large intestine;ICD9:46.76;Surgical Procedure;1
Closure of fistula of larynx;ICD9:31.62;Surgical Procedure;1
Closure of fistula of small intestine, except duodenum;ICD9:46.74;Surgical Procedure;1
Closure of gastrostomy;ICD9:44.62;Surgical Procedure;1
Closure of intestinal stoma, not otherwise specified;ICD9:46.50;Surgical Procedure;1
Closure of intestinal stoma;ICD9:46.5;Surgical Procedure;1
Closure of laceration of liver;ICD9:50.61;Surgical Procedure;1
Closure of laceration of lung;ICD9:33.43;Surgical Procedure;1
Closure of other biliary fistula;ICD9:51.93;Surgical Procedure;1
Closure of other fistula of thorax;ICD9:34.73;Surgical Procedure;1
Closure of other fistula of trachea;ICD9:31.73;Surgical Procedure;1
Closure of other gastric fistula;ICD9:44.63;Surgical Procedure;1
Closure of other rectal fistula;ICD9:48.73;Surgical Procedure;1
Closure of proctostomy;ICD9:48.72;Surgical Procedure;1
Closure of stoma of large intestine;ICD9:46.52;Surgical Procedure;1
Closure of stoma of small intestine;ICD9:46.51;Surgical Procedure;1
Closure of thoracostomy;ICD9:34.72;Surgical Procedure;1
Colonoscopy;ICD9:45.23;Surgical Procedure;1
Colostomy, not otherwise specified;ICD9:46.10;Surgical Procedure;1
Colostomy;ICD9:46.1;Surgical Procedure;1
Combined heart-lung transplantation;ICD9:33.6;Surgical Procedure;1
Common duct exploration for relief of other obstruction;ICD9:51.42;Surgical Procedure;1
Common duct exploration for removal of calculus;ICD9:51.41;Surgical Procedure;1
Complete laryngectomy;ICD9:30.3;Surgical Procedure;1
Continent ileostomy;ICD9:46.22;Surgical Procedure;1
Control of (postoperative) hemorrhage of anus;ICD9:49.95;Surgical Procedure;1
Control of hemorrhage and suture of ulcer of stomach or duodenum;ICD9:44.4;Surgical Procedure;1
Control of postoperative hemorrhage of anus;ICD9:49.95;Surgical Procedure;1
Creation of cutaneoperitoneal fistula;ICD9:54.93;Surgical Procedure;1
Creation of peritoneovascular shunt;ICD9:54.94;Surgical Procedure;1
Creation of pleuroperitoneal shunt;ICD9:34.05;Surgical Procedure;1
Decortication of lung;ICD9:34.51;Surgical Procedure;1
Delayed closure of granulating abdominal wound;ICD9:54.62;Surgical Procedure;1
Delayed opening of colostomy;ICD9:46.14;Surgical Procedure;1
Delayed opening of ileostomy;ICD9:46.24;Surgical Procedure;1
Delayed opening of other enterostomy;ICD9:46.31;Surgical Procedure;1
Destruction of hemorrhoids by cryotherapy;ICD9:49.44;Surgical Procedure;1
Destruction of phrenic nerve for collapse of lung;ICD9:33.31;Surgical Procedure;1
Destruction of rectal lesion or tissue by cryosurgery;ICD9:48.34;Surgical Procedure;1
Destruction of rectal lesion or tissue by laser;ICD9:48.33;Surgical Procedure;1
Diagnostic procedures of abdominal region;ICD9:54.2;Surgical Procedure;1
Diagnostic procedures on anus and perianal tissue;ICD9:49.2;Surgical Procedure;1
Diagnostic procedures on biliary tract;ICD9:51.1;Surgical Procedure;1
Diagnostic procedures on chest wall, pleura, mediastinum, and diaphragm;ICD9:34.2;Surgical Procedure;1
Diagnostic procedures on esophagus;ICD9:42.2;Surgical Procedure;1
Diagnostic procedures on large intestine;ICD9:45.2;Surgical Procedure;1
Diagnostic procedures on larynx and trachea;ICD9:31.4;Surgical Procedure;1
Diagnostic procedures on liver;ICD9:50.1;Surgical Procedure;1
Diagnostic procedures on lung and bronchus;ICD9:33.2;Surgical Procedure;1
Diagnostic procedures on pancreas;ICD9:52.1;Surgical Procedure;1
Diagnostic procedures on rectum, rectosigmoid and perirectal tissue;ICD9:48.2;Surgical Procedure;1
Diagnostic procedures on small intestine;ICD9:45.1;Surgical Procedure;1
Diagnostic procedures on stomach;ICD9:44.1;Surgical Procedure;1
Dilation and manipulation of intestine;ICD9:46.8;Surgical Procedure;1
Dilation of esophagus;ICD9:42.92;Surgical Procedure;1
Dilation of intestine;ICD9:46.85;Surgical Procedure;1
Dilation of pylorus by incision;ICD9:44.21;Surgical Procedure;1
Dilation of sphincter of oddi;ICD9:51.81;Surgical Procedure;1
Distal pancreatectomy;ICD9:52.52;Surgical Procedure;1
Division of anal sphincter;ICD9:49.5;Surgical Procedure;1
Division of laryngeal nerve;ICD9:31.91;Surgical Procedure;1
Drainage of appendiceal abscess;ICD9:47.2;Surgical Procedure;1
Drainage of pancreatic cyst by catheter;ICD9:52.01;Surgical Procedure;1
Duhamel resection of rectum;ICD9:48.65;Surgical Procedure;1
Endoscopic control of gastric or duodenal bleeding;ICD9:44.43;Surgical Procedure;1
Endoscopic destruction of other lesion or tissue of large intestine;ICD9:45.43;Surgical Procedure;1
Endoscopic dilation of ampulla and biliary duct;ICD9:51.84;Surgical Procedure;1
Endoscopic dilation of pancreatic duct;ICD9:52.98;Surgical Procedure;1
Endoscopic dilation of pylorus;ICD9:44.22;Surgical Procedure;1
Endoscopic excision or destruction of lesion of biliary ducts or sphincter of oddi;ICD9:51.64;Surgical Procedure;1
Endoscopic excision or destruction of lesion of duodenum;ICD9:45.30;Surgical Procedure;1
Endoscopic excision or destruction of lesion or tissue of anus;ICD9:49.31;Surgical Procedure;1
Endoscopic excision or destruction of lesion or tissue of bronchus;ICD9:32.01;Surgical Procedure;1
Endoscopic excision or destruction of lesion or tissue of esophagus;ICD9:42.33;Surgical Procedure;1
Endoscopic excision or destruction of lesion or tissue of lung;ICD9:32.28;Surgical Procedure;1
Endoscopic excision or destruction of lesion or tissue of pancreatic duct;ICD9:52.21;Surgical Procedure;1
Endoscopic excision or destruction of lesion or tissue of stomach;ICD9:43.41;Surgical Procedure;1
Endoscopic insertion of colonic stent(s);ICD9:46.86;Surgical Procedure;1
Endoscopic insertion of colonic stents;ICD9:46.86;Surgical Procedure;1
Endoscopic insertion of nasobiliary drainage tube;ICD9:51.86;Surgical Procedure;1
Endoscopic insertion of nasopancreatic drainage tube;ICD9:52.97;Surgical Procedure;1
Endoscopic insertion of other bronchial device or substances;ICD9:33.79;Surgical Procedure;1
Endoscopic insertion of stent (tube) into bile duct;ICD9:51.87;Surgical Procedure;1
Endoscopic insertion of stent (tube) into pancreatic duct;ICD9:52.93;Surgical Procedure;1
Endoscopic insertion of stent tube into bile duct;ICD9:51.87;Surgical Procedure;1
Endoscopic insertion of stent tube into pancreatic duct;ICD9:52.93;Surgical Procedure;1
Endoscopic insertion or replacement of bronchial valve(s), multiple lobes;ICD9:33.73;Surgical Procedure;1
Endoscopic insertion or replacement of bronchial valve(s), single lobe;ICD9:33.71;Surgical Procedure;1
Endoscopic insertion or replacement of bronchial valves, multiple lobes;ICD9:33.73;Surgical Procedure;1
Endoscopic insertion or replacement of bronchial valves, single lobe;ICD9:33.71;Surgical Procedure;1
Endoscopic polypectomy of large intestine;ICD9:45.42;Surgical Procedure;1
Endoscopic pulmonary airway flow measurement;ICD9:33.72;Surgical Procedure;1
Endoscopic removal of bronchial device(s) or substances;ICD9:33.78;Surgical Procedure;1
Endoscopic removal of bronchial devices or substances;ICD9:33.78;Surgical Procedure;1
Endoscopic removal of stone(s) from biliary tract;ICD9:51.88;Surgical Procedure;1
Endoscopic removal of stone(s) from pancreatic duct;ICD9:52.94;Surgical Procedure;1
Endoscopic removal of stones from biliary tract;ICD9:51.88;Surgical Procedure;1
Endoscopic removal of stones from pancreatic duct;ICD9:52.94;Surgical Procedure;1
Endoscopic retrograde cholangiography [erc];ICD9:51.11;Surgical Procedure;1
Endoscopic retrograde cholangiography erc;ICD9:51.11;Surgical Procedure;1
Endoscopic retrograde cholangiopancreatography [ercp];ICD9:51.10;Surgical Procedure;1
Endoscopic retrograde cholangiopancreatography ercp;ICD9:51.10;Surgical Procedure;1
Endoscopic retrograde pancreatography [erp];ICD9:52.13;Surgical Procedure;1
Endoscopic retrograde pancreatography erp;ICD9:52.13;Surgical Procedure;1
Endoscopic sphincterotomy and papillotomy;ICD9:51.85;Surgical Procedure;1
Endoscopy of large intestine through artificial stoma;ICD9:45.22;Surgical Procedure;1
Endoscopy of small intestine through artificial stoma;ICD9:45.12;Surgical Procedure;1
Enterotomy;ICD9:45.0;Surgical Procedure;1
Epiglottidectomy;ICD9:30.21;Surgical Procedure;1
Esophagectomy, not otherwise specified;ICD9:42.40;Surgical Procedure;1
Esophagogastroduodenoscopy [egd] with closed biopsy;ICD9:45.16;Surgical Procedure;1
Esophagogastroduodenoscopy egd with closed biopsy;ICD9:45.16;Surgical Procedure;1
Esophagogastroplasty;ICD9:44.65;Surgical Procedure;1
Esophagomyotomy;ICD9:42.7;Surgical Procedure;1
Esophagoscopy through artificial stoma;ICD9:42.22;Surgical Procedure;1
Esophagostomy, not otherwise specified;ICD9:42.10;Surgical Procedure;1
Esophagostomy;ICD9:42.1;Surgical Procedure;1
Esophagotomy;ICD9:42.0;Surgical Procedure;1
Evacuation of thrombosed hemorrhoids;ICD9:49.47;Surgical Procedure;1
Excision of ampulla of vater (with reimplantation of common duct);ICD9:51.62;Surgical Procedure;1
Excision of ampulla of vater with reimplantation of common duct;ICD9:51.62;Surgical Procedure;1
Excision of anus;ICD9:49.6;Surgical Procedure;1
Excision of cystic duct remnant;ICD9:51.61;Surgical Procedure;1
Excision of esophagus;ICD9:42.4;Surgical Procedure;1
Excision of hemorrhoids;ICD9:49.46;Surgical Procedure;1
Excision of larynx;ICD9:30;Surgical Procedure;1
Excision of lesion or tissue of diaphragm;ICD9:34.81;Surgical Procedure;1
Excision of lesion or tissue of large intestine;ICD9:45.41;Surgical Procedure;1
Excision of lung and bronchus;ICD9:32;Surgical Procedure;1
Excision of other bile duct;ICD9:51.69;Surgical Procedure;1
Excision of perianal skin tags;ICD9:49.03;Surgical Procedure;1
Excision of perirectal tissue;ICD9:48.82;Surgical Procedure;1
Excision or destruction of lesion of chest wall;ICD9:34.4;Surgical Procedure;1
Excision or destruction of lesion or tissue of abdominal wall or umbilicus;ICD9:54.3;Surgical Procedure;1
Excision or destruction of lesion or tissue of larynx;ICD9:30.0;Surgical Procedure;1
Excision or destruction of lesion or tissue of mediastinum;ICD9:34.3;Surgical Procedure;1
Excision or destruction of peritoneal tissue;ICD9:54.4;Surgical Procedure;1
Exploration of common duct;ICD9:51.51;Surgical Procedure;1
Exploratory laparotomy;ICD9:54.11;Surgical Procedure;1
Exploratory thoracotomy;ICD9:34.02;Surgical Procedure;1
Exteriorization of esophageal pouch;ICD9:42.12;Surgical Procedure;1
Exteriorization of intestine;ICD9:46.0;Surgical Procedure;1
Exteriorization of large intestine;ICD9:46.03;Surgical Procedure;1
Exteriorization of small intestine;ICD9:46.01;Surgical Procedure;1
Extracorporeal hepatic assistance;ICD9:50.92;Surgical Procedure;1
Fiber-optic bronchoscopy;ICD9:33.22;Surgical Procedure;1
Fixation of intestine, not otherwise specified;ICD9:46.60;Surgical Procedure;1
Fixation of intestine;ICD9:46.6;Surgical Procedure;1
Fixation of large intestine to abdominal wall;ICD9:46.63;Surgical Procedure;1
Fixation of small intestine to abdominal wall;ICD9:46.61;Surgical Procedure;1
Flexible sigmoidoscopy;ICD9:45.24;Surgical Procedure;1
Gastroenterostomy without gastrectomy;ICD9:44.3;Surgical Procedure;1
Gastropexy;ICD9:44.64;Surgical Procedure;1
Gastroscopy through artificial stoma;ICD9:44.12;Surgical Procedure;1
Gastrostomy;ICD9:43.1;Surgical Procedure;1
Gastrotomy;ICD9:43.0;Surgical Procedure;1
Gracilis muscle transplant for anal incontinence;ICD9:49.74;Surgical Procedure;1
Hemilaryngectomy;ICD9:30.1;Surgical Procedure;1
Hepatotomy;ICD9:50.0;Surgical Procedure;1
Heterotransplant of pancreas;ICD9:52.83;Surgical Procedure;1
High gastric bypass;ICD9:44.31;Surgical Procedure;1
Highly selective vagotomy;ICD9:44.02;Surgical Procedure;1
Homotransplant of pancreas;ICD9:52.82;Surgical Procedure;1
ICD-9-CM Procedures;(null);Surgical Procedure;1
Ileostomy, not otherwise specified;ICD9:46.20;Surgical Procedure;1
Ileostomy;ICD9:46.2;Surgical Procedure;1
Implantation of diaphragmatic pacemaker;ICD9:34.85;Surgical Procedure;1
Implantation or revision of artificial anal sphincter;ICD9:49.75;Surgical Procedure;1
Incidental appendectomy;ICD9:47.1;Surgical Procedure;1
Incision and excision of stomach;ICD9:43;Surgical Procedure;1
Incision of abdominal wall;ICD9:54.0;Surgical Procedure;1
Incision of anal septum;ICD9:49.91;Surgical Procedure;1
Incision of bile duct for relief of obstruction;ICD9:51.4;Surgical Procedure;1
Incision of bronchus;ICD9:33.0;Surgical Procedure;1
Incision of chest wall and pleura;ICD9:34.0;Surgical Procedure;1
Incision of chest wall;ICD9:34.01;Surgical Procedure;1
Incision of duodenum;ICD9:45.01;Surgical Procedure;1
Incision of esophageal web;ICD9:42.01;Surgical Procedure;1
Incision of intestine, not otherwise specified;ICD9:45.00;Surgical Procedure;1
Incision of large intestine;ICD9:45.03;Surgical Procedure;1
Incision of lung;ICD9:33.1;Surgical Procedure;1
Incision of mediastinum;ICD9:34.1;Surgical Procedure;1
Incision of other bile ducts for relief of obstruction;ICD9:51.49;Surgical Procedure;1
Incision of perianal abscess;ICD9:49.01;Surgical Procedure;1
Incision of perirectal tissue;ICD9:48.81;Surgical Procedure;1
Incision of peritoneum;ICD9:54.95;Surgical Procedure;1
Incision of rectal stricture;ICD9:48.91;Surgical Procedure;1
Incision or excision of anal fistula;ICD9:49.1;Surgical Procedure;1
Incision or excision of perianal tissue;ICD9:49.0;Surgical Procedure;1
Incision or excision of perirectal tissue or lesion;ICD9:48.8;Surgical Procedure;1
Incision, excision, and anastomosis of intestine;ICD9:45;Surgical Procedure;1
Incisional hernia repair;ICD9:53.51;Surgical Procedure;1
Injection into thoracic cavity;ICD9:34.92;Surgical Procedure;1
Injection of air into peritoneal cavity;ICD9:54.96;Surgical Procedure;1
Injection of hemorrhoids;ICD9:49.42;Surgical Procedure;1
Injection of larynx;ICD9:31.0;Surgical Procedure;1
Injection of locally-acting therapeutic substance into peritoneal cavity;ICD9:54.97;Surgical Procedure;1
Injection of locally-acting therapeutic substance into trachea;ICD9:31.94;Surgical Procedure;1
Insertion of choledochohepatic tube for decompression;ICD9:51.43;Surgical Procedure;1
Insertion of gastric bubble (balloon);ICD9:44.93;Surgical Procedure;1
Insertion of gastric bubble balloon;ICD9:44.93;Surgical Procedure;1
Insertion of intercostal catheter for drainage;ICD9:34.04;Surgical Procedure;1
Insertion of permanent tube into esophagus;ICD9:42.81;Surgical Procedure;1
Insertion of subcutaneous electrical anal stimulator;ICD9:49.92;Surgical Procedure;1
Internal drainage of pancreatic cyst;ICD9:52.4;Surgical Procedure;1
Intestinal anastomosis, not otherwise specified;ICD9:45.90;Surgical Procedure;1
Intestinal anastomosis;ICD9:45.9;Surgical Procedure;1
Intestinal biopsy, site unspecified;ICD9:45.27;Surgical Procedure;1
Intra-abdominal manipulation of intestine, not otherwise specified;ICD9:46.80;Surgical Procedure;1
Intra-abdominal manipulation of large intestine;ICD9:46.82;Surgical Procedure;1
Intra-abdominal manipulation of small intestine;ICD9:46.81;Surgical Procedure;1
Intraoperative manipulation of stomach;ICD9:44.92;Surgical Procedure;1
Intrathoracic anastomosis of esophagus;ICD9:42.5;Surgical Procedure;1
Intrathoracic esophageal anastomosis with interposition of colon;ICD9:42.55;Surgical Procedure;1
Intrathoracic esophageal anastomosis with interposition of small bowel;ICD9:42.53;Surgical Procedure;1
Intrathoracic esophageal anastomosis with other interposition;ICD9:42.58;Surgical Procedure;1
Intrathoracic esophagoesophagostomy;ICD9:42.51;Surgical Procedure;1
Intrathoracic esophagogastrostomy;ICD9:42.52;Surgical Procedure;1
Isolation of intestinal segment, not otherwise specified;ICD9:45.50;Surgical Procedure;1
Isolation of intestinal segment;ICD9:45.5;Surgical Procedure;1
Isolation of segment of large intestine;ICD9:45.52;Surgical Procedure;1
Isolation of segment of small intestine;ICD9:45.51;Surgical Procedure;1
Laparoscopic abdominoperineal resection of the rectum;ICD9:48.51;Surgical Procedure;1
Laparoscopic ablation of liver lesion or tissue;ICD9:50.25;Surgical Procedure;1
Laparoscopic appendectomy;ICD9:47.01;Surgical Procedure;1
Laparoscopic cholecystectomy;ICD9:51.23;Surgical Procedure;1
Laparoscopic gastric restrictive procedure;ICD9:44.95;Surgical Procedure;1
Laparoscopic gastroenterostomy;ICD9:44.38;Surgical Procedure;1
Laparoscopic gastroplasty;ICD9:44.68;Surgical Procedure;1
Laparoscopic incidental appendectomy;ICD9:47.11;Surgical Procedure;1
Laparoscopic incisional hernia repair with graft or prosthesis;ICD9:53.62;Surgical Procedure;1
Laparoscopic liver biopsy;ICD9:50.14;Surgical Procedure;1
Laparoscopic lysis of peritoneal adhesions;ICD9:54.51;Surgical Procedure;1
Laparoscopic partial cholecystectomy;ICD9:51.24;Surgical Procedure;1
Laparoscopic procedures for creation of esophagogastric sphincteric competence;ICD9:44.67;Surgical Procedure;1
Laparoscopic pull-through resection of rectum;ICD9:48.42;Surgical Procedure;1
Laparoscopic removal of gastric restrictive device(s);ICD9:44.97;Surgical Procedure;1
Laparoscopic removal of gastric restrictive devices;ICD9:44.97;Surgical Procedure;1
Laparoscopic repair of diaphragmatic hernia, abdominal approach;ICD9:53.71;Surgical Procedure;1
Laparoscopic repair of diaphragmatic hernia, with thoracic approach;ICD9:53.83;Surgical Procedure;1
Laparoscopic repair of umbilical hernia with graft or prosthesis;ICD9:53.42;Surgical Procedure;1
Laparoscopic revision of gastric restrictive procedure;ICD9:44.96;Surgical Procedure;1
Laparoscopic total intra-abdominal colectomy;ICD9:45.81;Surgical Procedure;1
Laparoscopic vertical (sleeve) gastrectomy;ICD9:43.82;Surgical Procedure;1
Laparoscopic vertical sleeve gastrectomy;ICD9:43.82;Surgical Procedure;1
Laparoscopy;ICD9:54.21;Surgical Procedure;1
Laparotomy;ICD9:54.1;Surgical Procedure;1
Large-to-large intestinal anastomosis;ICD9:45.94;Surgical Procedure;1
Laryngoscopy and other tracheoscopy;ICD9:31.42;Surgical Procedure;1
Left lateral anal sphincterotomy;ICD9:49.51;Surgical Procedure;1
Ligation of bronchus;ICD9:33.92;Surgical Procedure;1
Ligation of esophageal varices;ICD9:42.91;Surgical Procedure;1
Ligation of gastric varices;ICD9:44.91;Surgical Procedure;1
Ligation of hemorrhoids;ICD9:49.45;Surgical Procedure;1
Liver transplant;ICD9:50.5;Surgical Procedure;1
Lobectomy of liver;ICD9:50.3;Surgical Procedure;1
Lobectomy of lung;ICD9:32.4;Surgical Procedure;1
Local excision of esophageal diverticulum;ICD9:42.31;Surgical Procedure;1
Local excision of lesion or tissue of small intestine, except duodenum;ICD9:45.33;Surgical Procedure;1
Local excision of other lesion or tissue of esophagus;ICD9:42.32;Surgical Procedure;1
Local excision of other lesion or tissue of stomach;ICD9:43.42;Surgical Procedure;1
Local excision of rectal lesion or tissue;ICD9:48.35;Surgical Procedure;1
Local excision or destruction of lesion or tissue of biliary ducts and sphincter of oddi;ICD9:51.6;Surgical Procedure;1
Local excision or destruction of lesion or tissue of bronchus;ICD9:32.0;Surgical Procedure;1
Local excision or destruction of lesion or tissue of esophagus;ICD9:42.3;Surgical Procedure;1
Local excision or destruction of lesion or tissue of large intestine;ICD9:45.4;Surgical Procedure;1
Local excision or destruction of lesion or tissue of lung;ICD9:32.2;Surgical Procedure;1
Local excision or destruction of lesion or tissue of rectum;ICD9:48.3;Surgical Procedure;1
Local excision or destruction of lesion or tissue of small intestine;ICD9:45.3;Surgical Procedure;1
Local excision or destruction of lesion or tissue of stomach;ICD9:43.4;Surgical Procedure;1
Local excision or destruction of lesion or tissue of trachea;ICD9:31.5;Surgical Procedure;1
Local excision or destruction of liver tissue or lesion;ICD9:50.2;Surgical Procedure;1
Local excision or destruction of other lesion or tissue of anus;ICD9:49.3;Surgical Procedure;1
Local excision or destruction of pancreas and pancreatic duct;ICD9:52.2;Surgical Procedure;1
Local perfusion of large intestine;ICD9:46.96;Surgical Procedure;1
Local perfusion of small intestine;ICD9:46.95;Surgical Procedure;1
Localized perfusion of liver;ICD9:50.93;Surgical Procedure;1
Lung transplant;ICD9:33.5;Surgical Procedure;1
Lung transplantation, not otherwise specified;ICD9:33.50;Surgical Procedure;1
Lung volume reduction surgery;ICD9:32.22;Surgical Procedure;1
Lymph Node Dissection;ICD9:40.50;Surgical Procedure;1
Lysis of adhesions of trachea or larynx;ICD9:31.92;Surgical Procedure;1
Lysis of peritoneal adhesions;ICD9:54.5;Surgical Procedure;1
Marsupialization of laryngeal cyst;ICD9:30.01;Surgical Procedure;1
Marsupialization of lesion of liver;ICD9:50.21;Surgical Procedure;1
Marsupialization of pancreatic cyst;ICD9:52.3;Surgical Procedure;1
Mediastinal tracheostomy;ICD9:31.21;Surgical Procedure;1
Mediastinoscopy;ICD9:34.22;Surgical Procedure;1
Multiple segmental resection of small intestine;ICD9:45.61;Surgical Procedure;1
Myotomy of other parts of colon;ICD9:46.92;Surgical Procedure;1
Myotomy of sigmoid colon;ICD9:46.91;Surgical Procedure;1
Open abdominoperineal resection of the rectum;ICD9:48.52;Surgical Procedure;1
Open ablation of liver lesion or tissue;ICD9:50.23;Surgical Procedure;1
Open ablation of lung lesion or tissue;ICD9:32.23;Surgical Procedure;1
Open and other cecectomy;ICD9:45.72;Surgical Procedure;1
Open and other left hemicolectomy;ICD9:45.75;Surgical Procedure;1
Open and other multiple segmental resection of large intestine;ICD9:45.71;Surgical Procedure;1
Open and other partial excision of large intestine;ICD9:45.7;Surgical Procedure;1
Open and other partial gastrectomy;ICD9:43.89;Surgical Procedure;1
Open and other resection of transverse colon;ICD9:45.74;Surgical Procedure;1
Open and other right hemicolectomy;ICD9:45.73;Surgical Procedure;1
Open and other sigmoidectomy;ICD9:45.76;Surgical Procedure;1
Open biopsy of bronchus;ICD9:33.25;Surgical Procedure;1
Open biopsy of esophagus;ICD9:42.25;Surgical Procedure;1
Open biopsy of gallbladder or bile ducts;ICD9:51.13;Surgical Procedure;1
Open biopsy of large intestine;ICD9:45.26;Surgical Procedure;1
Open biopsy of larynx or trachea;ICD9:31.45;Surgical Procedure;1
Open biopsy of liver;ICD9:50.12;Surgical Procedure;1
Open biopsy of lung;ICD9:33.28;Surgical Procedure;1
Open biopsy of pancreas;ICD9:52.12;Surgical Procedure;1
Open biopsy of rectum;ICD9:48.25;Surgical Procedure;1
Open biopsy of small intestine;ICD9:45.15;Surgical Procedure;1
Open biopsy of stomach;ICD9:44.15;Surgical Procedure;1
Open mediastinal biopsy;ICD9:34.26;Surgical Procedure;1
Open pull-through resection of rectum;ICD9:48.43;Surgical Procedure;1
Open total intra-abdominal colectomy;ICD9:45.82;Surgical Procedure;1
Operations on anus;ICD9:49;Surgical Procedure;1
Operations on appendix;ICD9:47;Surgical Procedure;1
Operations on chest wall, pleura, mediastinum, and diaphragm;ICD9:34;Surgical Procedure;1
Operations on diaphragm;ICD9:34.8;Surgical Procedure;1
Operations on esophagus;ICD9:42;Surgical Procedure;1
Operations on gallbladder and biliary tract;ICD9:51;Surgical Procedure;1
Operations on liver;ICD9:50;Surgical Procedure;1
Operations on pancreas;ICD9:52;Surgical Procedure;1
Operations on rectum, rectosigmoid and perirectal tissue;ICD9:48;Surgical Procedure;1
Operations on the digestive system;ICD9:42-54.99;Surgical Procedure;1
Operations on the respiratory system;ICD9:30-34.99;Surgical Procedure;1
Operative esophagoscopy by incision;ICD9:42.21;Surgical Procedure;1
Other abdominoperineal resection of the rectum;ICD9:48.59;Surgical Procedure;1
Other anal sphincterotomy;ICD9:49.59;Surgical Procedure;1
Other and open bilateral repair of direct inguinal hernia with graft or prosthesis;ICD9:53.14;Surgical Procedure;1
Other and open bilateral repair of direct inguinal hernia;ICD9:53.11;Surgical Procedure;1
Other and open bilateral repair of indirect inguinal hernia with graft or prosthesis;ICD9:53.15;Surgical Procedure;1
Other and open bilateral repair of indirect inguinal hernia;ICD9:53.12;Surgical Procedure;1
Other and open bilateral repair of inguinal hernia, one direct and one indirect, with graft or prosthesis;ICD9:53.16;Surgical Procedure;1
Other and open bilateral repair of inguinal hernia, one direct and one indirect;ICD9:53.13;Surgical Procedure;1
Other and open repair of diaphragmatic hernia, abdominal approach;ICD9:53.72;Surgical Procedure;1
Other and open repair of diaphragmatic hernia, with thoracic approach;ICD9:53.84;Surgical Procedure;1
Other and open repair of direct inguinal hernia with graft or prosthesis;ICD9:53.03;Surgical Procedure;1
Other and open repair of direct inguinal hernia;ICD9:53.01;Surgical Procedure;1
Other and open repair of indirect inguinal hernia with graft or prosthesis;ICD9:53.04;Surgical Procedure;1
Other and open repair of indirect inguinal hernia;ICD9:53.02;Surgical Procedure;1
Other and open repair of other hernia of anterior abdominal wall with graft or prosthesis;ICD9:53.69;Surgical Procedure;1
Other and open repair of umbilical hernia with graft or prosthesis;ICD9:53.41;Surgical Procedure;1
Other and unspecified ablation of liver lesion or tissue;ICD9:50.26;Surgical Procedure;1
Other and unspecified ablation of lung lesion or tissue;ICD9:32.26;Surgical Procedure;1
Other and unspecified partial excision of large intestine;ICD9:45.79;Surgical Procedure;1
Other and unspecified pneumonectomy;ICD9:32.59;Surgical Procedure;1
Other and unspecified segmental resection of lung;ICD9:32.39;Surgical Procedure;1
Other and unspecified total intra-abdominal colectomy;ICD9:45.83;Surgical Procedure;1
Other anterior resection of rectum;ICD9:48.63;Surgical Procedure;1
Other antesternal anastomosis of esophagus;ICD9:42.69;Surgical Procedure;1
Other antesternal esophageal anastomosis with interposition;ICD9:42.68;Surgical Procedure;1
Other antesternal esophagocolostomy;ICD9:42.66;Surgical Procedure;1
Other antesternal esophagoenterostomy;ICD9:42.64;Surgical Procedure;1
Other appendectomy;ICD9:47.09;Surgical Procedure;1
Other bilateral femoral herniorrhaphy;ICD9:53.39;Surgical Procedure;1
Other bilateral repair of inguinal hernia;ICD9:53.1;Surgical Procedure;1
Other bile duct anastomosis;ICD9:51.39;Surgical Procedure;1
Other bronchoscopy;ICD9:33.23;Surgical Procedure;1
Other cholecystostomy;ICD9:51.03;Surgical Procedure;1
Other cholecystotomy;ICD9:51.04;Surgical Procedure;1
Other closed [endoscopic] biopsy of biliary duct or sphincter of oddi;ICD9:51.14;Surgical Procedure;1
Other closed endoscopic biopsy of biliary duct or sphincter of oddi;ICD9:51.14;Surgical Procedure;1
Other control of hemorrhage of stomach or duodenum;ICD9:44.49;Surgical Procedure;1
Other destruction of lesion of duodenum;ICD9:45.32;Surgical Procedure;1
Other destruction of lesion of large intestine;ICD9:45.49;Surgical Procedure;1
Other destruction of lesion of liver;ICD9:50.29;Surgical Procedure;1
Other destruction of lesion of small intestine, except duodenum;ICD9:45.34;Surgical Procedure;1
Other destruction of lesion or tissue of esophagus;ICD9:42.39;Surgical Procedure;1
Other destruction of lesion or tissue of stomach;ICD9:43.49;Surgical Procedure;1
Other diagnostic procedures on abdominal region;ICD9:54.29;Surgical Procedure;1
Other diagnostic procedures on anus and perianal tissue;ICD9:49.29;Surgical Procedure;1
Other diagnostic procedures on biliary tract;ICD9:51.19;Surgical Procedure;1
Other diagnostic procedures on chest wall, pleura, and diaphragm;ICD9:34.28;Surgical Procedure;1
Other diagnostic procedures on esophagus;ICD9:42.29;Surgical Procedure;1
Other diagnostic procedures on intestine, site unspecified;ICD9:45.29;Surgical Procedure;1
Other diagnostic procedures on large intestine;ICD9:45.28;Surgical Procedure;1
Other diagnostic procedures on larynx;ICD9:31.48;Surgical Procedure;1
Other diagnostic procedures on liver;ICD9:50.19;Surgical Procedure;1
Other diagnostic procedures on lung or bronchus;ICD9:33.29;Surgical Procedure;1
Other diagnostic procedures on mediastinum;ICD9:34.29;Surgical Procedure;1
Other diagnostic procedures on pancreas;ICD9:52.19;Surgical Procedure;1
Other diagnostic procedures on rectum, rectosigmoid and perirectal tissue;ICD9:48.29;Surgical Procedure;1
Other diagnostic procedures on small intestine;ICD9:45.19;Surgical Procedure;1
Other diagnostic procedures on stomach;ICD9:44.19;Surgical Procedure;1
Other diagnostic procedures on trachea;ICD9:31.49;Surgical Procedure;1
Other electrocoagulation of rectal lesion or tissue;ICD9:48.32;Surgical Procedure;1
Other endoscopic procedures in bronchus or lung;ICD9:33.7;Surgical Procedure;1
Other endoscopy of small intestine;ICD9:45.13;Surgical Procedure;1
Other enterostomy;ICD9:46.39;Surgical Procedure;1
Other enterostomy;ICD9:46.3;Surgical Procedure;1
Other esophagoscopy;ICD9:42.23;Surgical Procedure;1
Other excision of bronchus;ICD9:32.1;Surgical Procedure;1
Other excision of common duct;ICD9:51.63;Surgical Procedure;1
Other excision of lung;ICD9:32.9;Surgical Procedure;1
Other excision of perianal tissue;ICD9:49.04;Surgical Procedure;1
Other excision of pleura;ICD9:34.59;Surgical Procedure;1
Other excision of small intestine;ICD9:45.6;Surgical Procedure;1
Other excision or destruction of lesion or tissue of larynx;ICD9:30.09;Surgical Procedure;1
Other excision or destruction of lesion or tissue of pancreas or pancreatic duct;ICD9:52.22;Surgical Procedure;1
Other external fistulization of esophagus;ICD9:42.19;Surgical Procedure;1
Other fixation of large intestine;ICD9:46.64;Surgical Procedure;1
Other fixation of small intestine;ICD9:46.62;Surgical Procedure;1
Other gallbladder anastomosis;ICD9:51.35;Surgical Procedure;1
Other gastroenterostomy without gastrectomy;ICD9:44.39;Surgical Procedure;1
Other gastroscopy;ICD9:44.13;Surgical Procedure;1
Other gastrostomy;ICD9:43.19;Surgical Procedure;1
Other graft of esophagus;ICD9:42.87;Surgical Procedure;1
Other hernia repair;ICD9:53.9;Surgical Procedure;1
Other incidental appendectomy;ICD9:47.19;Surgical Procedure;1
Other incision of anus;ICD9:49.93;Surgical Procedure;1
Other incision of bile duct;ICD9:51.5;Surgical Procedure;1
Other incision of esophagus;ICD9:42.09;Surgical Procedure;1
Other incision of larynx or trachea;ICD9:31.3;Surgical Procedure;1
Other incision of other bile duct;ICD9:51.59;Surgical Procedure;1
Other incision of perianal tissue;ICD9:49.02;Surgical Procedure;1
Other incision of pleura;ICD9:34.09;Surgical Procedure;1
Other incision of small intestine;ICD9:45.02;Surgical Procedure;1
Other injection of therapeutic substance into liver;ICD9:50.94;Surgical Procedure;1
Other insertion of colonic stent(s);ICD9:46.87;Surgical Procedure;1
Other insertion of colonic stents;ICD9:46.87;Surgical Procedure;1
Other intrathoracic anastomosis of esophagus;ICD9:42.59;Surgical Procedure;1
Other intrathoracic esophagocolostomy;ICD9:42.56;Surgical Procedure;1
Other intrathoracic esophagoenterostomy;ICD9:42.54;Surgical Procedure;1
Other laparoscopic repair of other hernia of anterior abdominal wall with graft or prosthesis;ICD9:53.63;Surgical Procedure;1
Other laparoscopic umbilical herniorrhaphy;ICD9:53.43;Surgical Procedure;1
Other laparotomy;ICD9:54.19;Surgical Procedure;1
Other lobectomy of lung;ICD9:32.49;Surgical Procedure;1
Other local excision of lesion of duodenum;ICD9:45.31;Surgical Procedure;1
Other local excision or destruction of lesion or tissue of anus;ICD9:49.39;Surgical Procedure;1
Other local excision or destruction of lesion or tissue of bronchus;ICD9:32.09;Surgical Procedure;1
Other local excision or destruction of lesion or tissue of lung;ICD9:32.29;Surgical Procedure;1
Other lysis of peritoneal adhesions;ICD9:54.59;Surgical Procedure;1
Other open incisional hernia repair with graft or prosthesis;ICD9:53.61;Surgical Procedure;1
Other open umbilical herniorrhaphy;ICD9:53.49;Surgical Procedure;1
Other operations of abdominal region;ICD9:54.99;Surgical Procedure;1
Other operations of abdominal region;ICD9:54.9;Surgical Procedure;1
Other operations on abdominal region;ICD9:54;Surgical Procedure;1
Other operations on anus;ICD9:49.99;Surgical Procedure;1
Other operations on anus;ICD9:49.9;Surgical Procedure;1
Other operations on appendix;ICD9:47.99;Surgical Procedure;1
Other operations on appendix;ICD9:47.9;Surgical Procedure;1
Other operations on biliary ducts and sphincter of oddi;ICD9:51.8;Surgical Procedure;1
Other operations on biliary tract;ICD9:51.99;Surgical Procedure;1
Other operations on biliary tract;ICD9:51.9;Surgical Procedure;1
Other operations on bronchus;ICD9:33.98;Surgical Procedure;1
Other operations on diaphragm;ICD9:34.89;Surgical Procedure;1
Other operations on esophagus;ICD9:42.99;Surgical Procedure;1
Other operations on esophagus;ICD9:42.9;Surgical Procedure;1
Other operations on intestine;ICD9:46;Surgical Procedure;1
Other operations on intestines;ICD9:46.99;Surgical Procedure;1
Other operations on intestines;ICD9:46.9;Surgical Procedure;1
Other operations on larynx and trachea;ICD9:31.9;Surgical Procedure;1
Other operations on larynx and trachea;ICD9:31;Surgical Procedure;1
Other operations on larynx;ICD9:31.98;Surgical Procedure;1
Other operations on liver;ICD9:50.99;Surgical Procedure;1
Other operations on liver;ICD9:50.9;Surgical Procedure;1
Other operations on lung and bronchus;ICD9:33.9;Surgical Procedure;1
Other operations on lung and bronchus;ICD9:33;Surgical Procedure;1
Other operations on lung;ICD9:33.99;Surgical Procedure;1
Other operations on pancreas;ICD9:52.99;Surgical Procedure;1
Other operations on pancreas;ICD9:52.9;Surgical Procedure;1
Other operations on rectum and perirectal tissue;ICD9:48.99;Surgical Procedure;1
Other operations on rectum and perirectal tissue;ICD9:48.9;Surgical Procedure;1
Other operations on sphincter of oddi;ICD9:51.89;Surgical Procedure;1
Other operations on stomach;ICD9:44.99;Surgical Procedure;1
Other operations on stomach;ICD9:44.9;Surgical Procedure;1
Other operations on stomach;ICD9:44;Surgical Procedure;1
Other operations on thorax;ICD9:34.99;Surgical Procedure;1
Other operations on thorax;ICD9:34.9;Surgical Procedure;1
Other operations on trachea;ICD9:31.99;Surgical Procedure;1
Other pancreatotomy;ICD9:52.09;Surgical Procedure;1
Other partial cholecystectomy;ICD9:51.21;Surgical Procedure;1
Other partial gastrectomy;ICD9:43.8;Surgical Procedure;1
Other partial laryngectomy;ICD9:30.29;Surgical Procedure;1
Other partial laryngectomy;ICD9:30.2;Surgical Procedure;1
Other partial pancreatectomy;ICD9:52.59;Surgical Procedure;1
Other partial resection of small intestine;ICD9:45.62;Surgical Procedure;1
Other percutaneous procedures on biliary tract;ICD9:51.98;Surgical Procedure;1
Other permanent ileostomy;ICD9:46.23;Surgical Procedure;1
Other permanent tracheostomy;ICD9:31.29;Surgical Procedure;1
Other pleural biopsy;ICD9:34.24;Surgical Procedure;1
Other procedures for creation of esophagogastric sphincteric competence;ICD9:44.66;Surgical Procedure;1
Other procedures on hemorrhoids;ICD9:49.49;Surgical Procedure;1
Other proctopexy;ICD9:48.76;Surgical Procedure;1
Other pull-through resection of rectum;ICD9:48.49;Surgical Procedure;1
Other pyloroplasty;ICD9:44.29;Surgical Procedure;1
Other repair and plastic operations on bronchus;ICD9:33.48;Surgical Procedure;1
Other repair and plastic operations on lung;ICD9:33.49;Surgical Procedure;1
Other repair and plastic operations on trachea;ICD9:31.79;Surgical Procedure;1
Other repair of abdominal wall and peritoneum;ICD9:54.7;Surgical Procedure;1
Other repair of abdominal wall;ICD9:54.72;Surgical Procedure;1
Other repair of anal sphincter;ICD9:49.79;Surgical Procedure;1
Other repair of chest wall;ICD9:34.79;Surgical Procedure;1
Other repair of diaphragm;ICD9:34.84;Surgical Procedure;1
Other repair of esophagus;ICD9:42.89;Surgical Procedure;1
Other repair of esophagus;ICD9:42.8;Surgical Procedure;1
Other repair of intestine;ICD9:46.79;Surgical Procedure;1
Other repair of intestine;ICD9:46.7;Surgical Procedure;1
Other repair of larynx;ICD9:31.69;Surgical Procedure;1
Other repair of liver;ICD9:50.69;Surgical Procedure;1
Other repair of mesentery;ICD9:54.75;Surgical Procedure;1
Other repair of omentum;ICD9:54.74;Surgical Procedure;1
Other repair of pancreas;ICD9:52.95;Surgical Procedure;1
Other repair of peritoneum;ICD9:54.73;Surgical Procedure;1
Other repair of rectum;ICD9:48.79;Surgical Procedure;1
Other repair of stomach;ICD9:44.69;Surgical Procedure;1
Other repair of stomach;ICD9:44.6;Surgical Procedure;1
Other resection of rectum;ICD9:48.69;Surgical Procedure;1
Other resection of rectum;ICD9:48.6;Surgical Procedure;1
Other revision of stoma of large intestine;ICD9:46.43;Surgical Procedure;1
Other selective vagotomy;ICD9:44.03;Surgical Procedure;1
Other small-to-large intestinal anastomosis;ICD9:45.93;Surgical Procedure;1
Other surgical collapse of lung;ICD9:33.39;Surgical Procedure;1
Other suture of abdominal wall;ICD9:54.63;Surgical Procedure;1
Other total gastrectomy;ICD9:43.99;Surgical Procedure;1
Other transplant of liver;ICD9:50.59;Surgical Procedure;1
Other unilateral femoral herniorrhaphy;ICD9:53.29;Surgical Procedure;1
Other unilateral repair of inguinal hernia;ICD9:53.0;Surgical Procedure;1
Pancreatic sphincteroplasty;ICD9:51.83;Surgical Procedure;1
Pancreatic sphincterotomy;ICD9:51.82;Surgical Procedure;1
Pancreatic transplant, not otherwise specified;ICD9:52.80;Surgical Procedure;1
Pancreatotomy;ICD9:52.0;Surgical Procedure;1
Partial esophagectomy;ICD9:42.41;Surgical Procedure;1
Partial gastrectomy with anastomosis to duodenum;ICD9:43.6;Surgical Procedure;1
Partial gastrectomy with anastomosis to esophagus;ICD9:43.5;Surgical Procedure;1
Partial gastrectomy with anastomosis to jejunum;ICD9:43.7;Surgical Procedure;1
Partial gastrectomy with jejunal transposition;ICD9:43.81;Surgical Procedure;1
Partial hepatectomy;ICD9:50.22;Surgical Procedure;1
Partial pancreatectomy;ICD9:52.5;Surgical Procedure;1
Percutaneous (endoscopic) jejunostomy [pej];ICD9:46.32;Surgical Procedure;1
Percutaneous [endoscopic] gastrojejunostomy;ICD9:44.32;Surgical Procedure;1
Percutaneous [endoscopic] gastrostomy [peg];ICD9:43.11;Surgical Procedure;1
Percutaneous abdominal drainage;ICD9:54.91;Surgical Procedure;1
Percutaneous ablation of liver lesion or tissue;ICD9:50.24;Surgical Procedure;1
Percutaneous ablation of lung lesion or tissue;ICD9:32.24;Surgical Procedure;1
Percutaneous aspiration of gallbladder;ICD9:51.01;Surgical Procedure;1
Percutaneous aspiration of liver;ICD9:50.91;Surgical Procedure;1
Percutaneous biopsy of gallbladder or bile ducts;ICD9:51.12;Surgical Procedure;1
Percutaneous endoscopic gastrojejunostomy;ICD9:44.32;Surgical Procedure;1
Percutaneous endoscopic gastrostomy peg;ICD9:43.11;Surgical Procedure;1
Percutaneous endoscopic jejunostomy pej;ICD9:46.32;Surgical Procedure;1
Percutaneous extraction of common duct stones;ICD9:51.96;Surgical Procedure;1
Peritoneal dialysis;ICD9:54.98;Surgical Procedure;1
Peritoneal lavage;ICD9:54.25;Surgical Procedure;1
Permanent colostomy;ICD9:46.13;Surgical Procedure;1
Permanent tracheostomy;ICD9:31.2;Surgical Procedure;1
Pleurectomy;ICD9:34.5;Surgical Procedure;1
Plication of emphysematous bleb;ICD9:32.21;Surgical Procedure;1
Plication of the diaphragm;ICD9:53.81;Surgical Procedure;1
Pneumonectomy;ICD9:32.5;Surgical Procedure;1
Pneumoperitoneum for collapse of lung;ICD9:33.33;Surgical Procedure;1
Posterior anal sphincterotomy;ICD9:49.52;Surgical Procedure;1
Posterior resection of rectum;ICD9:48.64;Surgical Procedure;1
Pressure measurement of sphincter of oddi;ICD9:51.15;Surgical Procedure;1
Procedures on hemorrhoids;ICD9:49.4;Surgical Procedure;1
Proctosigmoidoscopy through artificial stoma;ICD9:48.22;Surgical Procedure;1
Proctostomy;ICD9:48.1;Surgical Procedure;1
Proctotomy;ICD9:48.0;Surgical Procedure;1
Production of subcutaneous tunnel without esophageal anastomosis;ICD9:42.86;Surgical Procedure;1
Proximal pancreatectomy;ICD9:52.51;Surgical Procedure;1
Pull-through resection of rectum, not otherwise specified;ICD9:48.40;Surgical Procedure;1
Pull-through resection of rectum;ICD9:48.4;Surgical Procedure;1
Puncture of lung;ICD9:33.93;Surgical Procedure;1
Pyloromyotomy;ICD9:43.3;Surgical Procedure;1
Pyloroplasty;ICD9:44.2;Surgical Procedure;1
Radical dissection of thoracic structures;ICD9:32.6;Surgical Procedure;1
Radical electrocoagulation of rectal lesion or tissue;ICD9:48.31;Surgical Procedure;1
Radical laryngectomy;ICD9:30.4;Surgical Procedure;1
Radical pancreaticoduodenectomy;ICD9:52.7;Surgical Procedure;1
Radical subtotal pancreatectomy;ICD9:52.53;Surgical Procedure;1
Reclosure of postoperative disruption of abdominal wall;ICD9:54.61;Surgical Procedure;1
Reconstruction of trachea and construction of artificial larynx;ICD9:31.75;Surgical Procedure;1
Rectorectostomy;ICD9:48.74;Surgical Procedure;1
Reduction of anal prolapse;ICD9:49.94;Surgical Procedure;1
Reduction of hemorrhoids;ICD9:49.41;Surgical Procedure;1
Reimplantation of pancreatic tissue;ICD9:52.81;Surgical Procedure;1
Removal of artificial anal sphincter;ICD9:49.76;Surgical Procedure;1
Removal of foreign body from peritoneal cavity;ICD9:54.92;Surgical Procedure;1
Removal of gastric bubble (balloon);ICD9:44.94;Surgical Procedure;1
Removal of gastric bubble balloon;ICD9:44.94;Surgical Procedure;1
Removal of prosthetic device from bile duct;ICD9:51.95;Surgical Procedure;1
Reopening of recent laparotomy site;ICD9:54.12;Surgical Procedure;1
Reopening of recent thoracotomy site;ICD9:34.03;Surgical Procedure;1
Repair and plastic operation on lung and bronchus;ICD9:33.4;Surgical Procedure;1
Repair and plastic operations on trachea;ICD9:31.7;Surgical Procedure;1
Repair of anus;ICD9:49.7;Surgical Procedure;1
Repair of bile ducts;ICD9:51.7;Surgical Procedure;1
Repair of chest wall;ICD9:34.7;Surgical Procedure;1
Repair of diaphragmatic hernia with thoracic approach, not otherwise specified;ICD9:53.80;Surgical Procedure;1
Repair of diaphragmatic hernia, abdominal approach, not otherwise specified;ICD9:53.75;Surgical Procedure;1
Repair of diaphragmatic hernia, abdominal approach;ICD9:53.7;Surgical Procedure;1
Repair of diaphragmatic hernia, thoracic approach;ICD9:53.8;Surgical Procedure;1
Repair of esophageal fistula, not elsewhere classified;ICD9:42.84;Surgical Procedure;1
Repair of esophageal stricture;ICD9:42.85;Surgical Procedure;1
Repair of gastroschisis;ICD9:54.71;Surgical Procedure;1
Repair of hernia;ICD9:53;Surgical Procedure;1
Repair of inguinal hernia with graft or prosthesis, not otherwise specified;ICD9:53.05;Surgical Procedure;1
Repair of laceration of gallbladder;ICD9:51.91;Surgical Procedure;1
Repair of laryngeal fracture;ICD9:31.64;Surgical Procedure;1
Repair of larynx;ICD9:31.6;Surgical Procedure;1
Repair of liver;ICD9:50.6;Surgical Procedure;1
Repair of other bile ducts;ICD9:51.79;Surgical Procedure;1
Repair of other hernia of anterior abdominal wall (without graft or prosthesis);ICD9:53.5;Surgical Procedure;1
Repair of other hernia of anterior abdominal wall with graft or prosthesis;ICD9:53.6;Surgical Procedure;1
Repair of other hernia of anterior abdominal wall without graft or prosthesis;ICD9:53.5;Surgical Procedure;1
Repair of other hernia of anterior abdominal wall;ICD9:53.59;Surgical Procedure;1
Repair of parasternal hernia;ICD9:53.82;Surgical Procedure;1
Repair of pectus deformity;ICD9:34.74;Surgical Procedure;1
Repair of pericolostomy hernia;ICD9:46.42;Surgical Procedure;1
Repair of perirectal fistula;ICD9:48.93;Surgical Procedure;1
Repair of pleura;ICD9:34.93;Surgical Procedure;1
Repair of rectum;ICD9:48.7;Surgical Procedure;1
Repair of umbilical hernia;ICD9:53.4;Surgical Procedure;1
Replacement of laryngeal or tracheal stent;ICD9:31.93;Surgical Procedure;1
Resection of exteriorized segment of large intestine;ICD9:46.04;Surgical Procedure;1
Resection of exteriorized segment of small intestine;ICD9:46.02;Surgical Procedure;1
Revision of anastomosis of biliary tract;ICD9:51.94;Surgical Procedure;1
Revision of anastomosis of large intestine;ICD9:46.94;Surgical Procedure;1
Revision of anastomosis of small intestine;ICD9:46.93;Surgical Procedure;1
Revision of gastric anastomosis;ICD9:44.5;Surgical Procedure;1
Revision of intestinal stoma, not otherwise specified;ICD9:46.40;Surgical Procedure;1
Revision of intestinal stoma;ICD9:46.4;Surgical Procedure;1
Revision of laryngostomy;ICD9:31.63;Surgical Procedure;1
Revision of stoma of small intestine;ICD9:46.41;Surgical Procedure;1
Revision of tracheostomy;ICD9:31.74;Surgical Procedure;1
Rigid proctosigmoidoscopy;ICD9:48.23;Surgical Procedure;1
Scarification of pleura;ICD9:34.6;Surgical Procedure;1
Segmental resection of lung;ICD9:32.3;Surgical Procedure;1
Simple suture of common bile duct;ICD9:51.71;Surgical Procedure;1
Small-to-small intestinal anastomosis;ICD9:45.91;Surgical Procedure;1
Soave submucosal resection of rectum;ICD9:48.41;Surgical Procedure;1
Surgical collapse of lung;ICD9:33.3;Surgical Procedure;1
Suture of abdominal wall and peritoneum;ICD9:54.6;Surgical Procedure;1
Suture of duodenal ulcer site;ICD9:44.42;Surgical Procedure;1
Suture of gastric ulcer site;ICD9:44.41;Surgical Procedure;1
Suture of laceration of anus;ICD9:49.71;Surgical Procedure;1
Suture of laceration of bronchus;ICD9:33.41;Surgical Procedure;1
Suture of laceration of chest wall;ICD9:34.71;Surgical Procedure;1
Suture of laceration of diaphragm;ICD9:34.82;Surgical Procedure;1
Suture of laceration of duodenum;ICD9:46.71;Surgical Procedure;1
Suture of laceration of esophagus;ICD9:42.82;Surgical Procedure;1
Suture of laceration of large intestine;ICD9:46.75;Surgical Procedure;1
Suture of laceration of larynx;ICD9:31.61;Surgical Procedure;1
Suture of laceration of rectum;ICD9:48.71;Surgical Procedure;1
Suture of laceration of small intestine, except duodenum;ICD9:46.73;Surgical Procedure;1
Suture of laceration of stomach;ICD9:44.61;Surgical Procedure;1
Suture of laceration of trachea;ICD9:31.71;Surgical Procedure;1
Suture of peptic ulcer, not otherwise specified;ICD9:44.40;Surgical Procedure;1
Suture of peritoneum;ICD9:54.64;Surgical Procedure;1
Temporary colostomy;ICD9:46.11;Surgical Procedure;1
Temporary ileostomy;ICD9:46.21;Surgical Procedure;1
Temporary tracheostomy;ICD9:31.1;Surgical Procedure;1
Thoracentesis;ICD9:34.91;Surgical Procedure;1
Thoracoplasty;ICD9:33.34;Surgical Procedure;1
Thoracoscopic ablation of lung lesion or tissue;ICD9:32.25;Surgical Procedure;1
Thoracoscopic decortication of lung;ICD9:34.52;Surgical Procedure;1
Thoracoscopic drainage of pleural cavity;ICD9:34.06;Surgical Procedure;1
Thoracoscopic excision of lesion or tissue of lung;ICD9:32.20;Surgical Procedure;1
Thoracoscopic lobectomy of lung;ICD9:32.41;Surgical Procedure;1
Thoracoscopic lung biopsy;ICD9:33.20;Surgical Procedure;1
Thoracoscopic pleural biopsy;ICD9:34.20;Surgical Procedure;1
Thoracoscopic pneumonectomy;ICD9:32.50;Surgical Procedure;1
Thoracoscopic segmental resection of lung;ICD9:32.30;Surgical Procedure;1
Total esophagectomy;ICD9:42.42;Surgical Procedure;1
Total gastrectomy with intestinal interposition;ICD9:43.91;Surgical Procedure;1
Total gastrectomy;ICD9:43.9;Surgical Procedure;1
Total hepatectomy;ICD9:50.4;Surgical Procedure;1
Total intra-abdominal colectomy;ICD9:45.8;Surgical Procedure;1
Total pancreatectomy;ICD9:52.6;Surgical Procedure;1
Total removal of small intestine;ICD9:45.63;Surgical Procedure;1
Tracheoesophageal fistulization;ICD9:31.95;Surgical Procedure;1
Tracheoscopy through artificial stoma;ICD9:31.41;Surgical Procedure;1
Transabdominal endoscopy of large intestine;ICD9:45.21;Surgical Procedure;1
Transabdominal endoscopy of small intestine;ICD9:45.11;Surgical Procedure;1
Transabdominal gastroscopy;ICD9:44.11;Surgical Procedure;1
Transabdominal proctosigmoidoscopy;ICD9:48.21;Surgical Procedure;1
Transcatheter embolization for gastric or duodenal bleeding;ICD9:44.44;Surgical Procedure;1
Transjugular liver biopsy;ICD9:50.13;Surgical Procedure;1
Transplant of intestine;ICD9:46.97;Surgical Procedure;1
Transplant of pancreas;ICD9:52.8;Surgical Procedure;1
Transplantation of cells of islets of langerhans, not otherwise specified;ICD9:52.86;Surgical Procedure;1
Transpleural thoracoscopy;ICD9:34.21;Surgical Procedure;1
Transsacral rectosigmoidectomy;ICD9:48.61;Surgical Procedure;1
Trocar cholecystostomy;ICD9:51.02;Surgical Procedure;1
Truncal vagotomy;ICD9:44.01;Surgical Procedure;1
Unilateral lung transplantation;ICD9:33.51;Surgical Procedure;1
Unilateral repair of femoral hernia with graft or prosthesis;ICD9:53.21;Surgical Procedure;1
Unilateral repair of femoral hernia;ICD9:53.2;Surgical Procedure;1
Unilateral repair of inguinal hernia, not otherwise specified;ICD9:53.00;Surgical Procedure;1
Unknown Procedure;PROC:UNKNOWN;Surgical Procedure;1
Vagotomy, not otherwise specified;ICD9:44.00;Surgical Procedure;1
Vagotomy;ICD9:44.0;Surgical Procedure;1
Vocal cordectomy;ICD9:30.22;Surgical Procedure;1
[endoscopic] polypectomy of rectum;ICD9:48.36;Surgical Procedure;1
endoscopic polypectomy of rectum;ICD9:48.36;Surgical Procedure;1
laparoscopic adjustment of size of adjustable gastric restrictive device;ICD9:44.98;Surgical Procedure;1
